<?xml version="1.0" encoding="UTF-8"?>
<beans:beans xmlns="http://www.springframework.org/schema/mvc"
	xmlns:xsi="http://www.w3.org/2001/XMLSchema-instance"
	xmlns:beans="http://www.springframework.org/schema/beans"
	xmlns:context="http://www.springframework.org/schema/context"
	xmlns:jdbc="http://www.springframework.org/schema/jdbc"
	xmlns:mybatis-spring="http://mybatis.org/schema/mybatis-spring"
	xsi:schemaLocation="http://www.springframework.org/schema/jdbc http://www.springframework.org/schema/jdbc/spring-jdbc-4.3.xsd
		http://www.springframework.org/schema/mvc https://www.springframework.org/schema/mvc/spring-mvc.xsd
		http://mybatis.org/schema/mybatis-spring http://mybatis.org/schema/mybatis-spring-1.2.xsd
		http://www.springframework.org/schema/beans https://www.springframework.org/schema/beans/spring-beans.xsd
		http://www.springframework.org/schema/context https://www.springframework.org/schema/context/spring-context.xsd">

	<!-- DispatcherServlet Context: defines this servlet's request-processing infrastructure -->
	
	<!-- Enables the Spring MVC @Controller programming model -->
	<annotation-driven />

	<!-- Handles HTTP GET requests for /resources/** by efficiently serving up static resources in the ${webappRoot}/resources directory -->
	<resources mapping="/resources/**" location="/resources/" />
	
	<!-- Resolves views selected for rendering by @Controllers to .jsp resources in the /WEB-INF/views directory -->
	<beans:bean class="org.springframework.web.servlet.view.InternalResourceViewResolver">
	<beans:property value="/WEB-INF/views/" name="prefix"/>
	<beans:property value=".jsp" name="suffix"/>
	</beans:bean>

	<!-- 파일 업로드 : MultipartResolver 설정 -->
	<beans:bean id="multipartResolver" class="org.springframework.web.multipart.commons.CommonsMultipartResolver">
	    <beans:property name="maxUploadSize" value="268435456" />
	    <beans:property name="maxInMemorySize" value="268435456" />
	</beans:bean>
	
	<!-- swagger -->
	<beans:bean id="swagger2Config" class="springfox.documentation.swagger2.configuration.Swagger2DocumentationConfiguration"></beans:bean>
	<default-servlet-handler />
	<resources location="classpath:/META-INF/resources/" mapping="swagger-ui.html"></resources>
	<resources location="classpath:/META-INF/resources/webjars/" mapping="/webjars/**"></resources>
	
	<!--  -->
	<context:component-scan base-package="kr.co.board" />
	<context:component-scan base-package="kr.co.board.controller" />
	<context:component-scan base-package="kr.co.board.service" />
	<context:component-scan base-package="kr.co.board.dao" />
	<context:component-scan base-package="kr.co.board.vo" /> 

    <!-- 인터셉터 객체 생성 -->
  <beans:bean id="authenticationInterceptor" class="kr.co.board.common.AuthenticationInterceptor"></beans:bean>
    
    <!-- Interceptor 설정 -->
	<interceptors>
        <interceptor>
         	<mapping path="/boardWrite"/>
            <beans:ref bean="authenticationInterceptor"/> 
        </interceptor>
    </interceptors>
  
</beans:beans>