<?xml version="1.0" encoding="UTF-8"?>
<beans xmlns="http://www.springframework.org/schema/beans"
	xmlns:xsi="http://www.w3.org/2001/XMLSchema-instance"
	xmlns:aop="http://www.springframework.org/schema/aop"
	xmlns:jdbc="http://www.springframework.org/schema/jdbc"
	xmlns:context="http://www.springframework.org/schema/context"
	xmlns:mybatis-spring="http://mybatis.org/schema/mybatis-spring"
	xsi:schemaLocation="http://www.springframework.org/schema/jdbc http://www.springframework.org/schema/jdbc/spring-jdbc-4.3.xsd
		http://mybatis.org/schema/mybatis-spring http://mybatis.org/schema/mybatis-spring-1.2.xsd
		http://www.springframework.org/schema/beans https://www.springframework.org/schema/beans/spring-beans.xsd
		http://www.springframework.org/schema/context http://www.springframework.org/schema/context/spring-context-4.3.xsd
		http://www.springframework.org/schema/aop http://www.springframework.org/schema/aop/spring-aop-4.3.xsd">
	
	<!-- Root Context: defines shared resources visible to all other web components -->
<!-- 
	HOME
	-->
 	<bean
		class="org.springframework.jdbc.datasource.DriverManagerDataSource" id="dataSource">
		<property name="driverClassName" value="org.mariadb.jdbc.Driver" />
		<property name="url" value="jdbc:mariadb://localhost:3306/test" />
		<property name="username" value="root" />
		<property name="password" value="12345" />
	</bean>  
	
<!-- 
	COMPANY


 	<bean
		class="org.springframework.jdbc.datasource.DriverManagerDataSource" id="dataSource">
		<property name="driverClassName" value="org.mariadb.jdbc.Driver" />
		<property name="url" value="jdbc:mariadb://192.168.255.115:3306/test" />
		<property name="username" value="user" />
		<property name="password" value="user" />
	</bean> 
 -->
 
<!-- 파일업로드에 필요한 bean 
	<bean id="mulitpartResolver" class="org.springframework.web.multipart.commons.CommonsMultipartResolver">
		<property value="268435456" name="maxUploadSize" />
	</bean>
-->
	
	<bean id="sqlSessionFactory" class="org.mybatis.spring.SqlSessionFactoryBean">
		<property name="dataSource" ref="dataSource" />
		<property name="configLocation" value="classpath:/mybatis-config.xml" />
		<property name="mapperLocations" value="classpath:mappers/**/*Mapper.xml" />
	</bean>

	<bean id="sqlSession" class="org.mybatis.spring.SqlSessionTemplate" destroy-method="clearCache">
		<constructor-arg name="sqlSessionFactory" ref="sqlSessionFactory" />
	</bean>
	
</beans>
